image_path,disease,tissue,source,width,height,filename,magnification,new_disease,notes
poultry_microscopy\all_images\Figure 1-A-1.jpg,unknown,unknown,figshare,2048,1277,Figure 1-A-1.jpg,unknown,,
poultry_microscopy\all_images\Figure 1-A-2.jpg,unknown,unknown,figshare,2048,1272,Figure 1-A-2.jpg,unknown,,
poultry_microscopy\all_images\Figure 1-B.jpg,unknown,unknown,figshare,696,629,Figure 1-B.jpg,unknown,,
poultry_microscopy\all_images\Figure 1-C.jpg,unknown,unknown,figshare,1233,911,Figure 1-C.jpg,unknown,,
poultry_microscopy\all_images\Figure 1-D-1.jpg,unknown,unknown,figshare,2048,1593,Figure 1-D-1.jpg,unknown,,
poultry_microscopy\all_images\Figure 1-D-2.jpg,unknown,unknown,figshare,2048,2048,Figure 1-D-2.jpg,unknown,,
poultry_microscopy\all_images\Figure 1-D-3.jpg,unknown,unknown,figshare,2048,2048,Figure 1-D-3.jpg,unknown,,
poultry_microscopy\all_images\Figure 1-E-Infection-DAPI.jpg,unknown,unknown,figshare,2048,1536,Figure 1-E-Infection-DAPI.jpg,unknown,,
poultry_microscopy\all_images\Figure 1-E-Infection-FITC.jpg,unknown,unknown,figshare,2048,1536,Figure 1-E-Infection-FITC.jpg,unknown,,
poultry_microscopy\all_images\Figure 1-E-Infection-Merge.jpg,unknown,unknown,figshare,2048,1536,Figure 1-E-Infection-Merge.jpg,unknown,,
poultry_microscopy\all_images\Figure 1-E-Negative-DAPI.jpg,unknown,unknown,figshare,2048,1536,Figure 1-E-Negative-DAPI.jpg,unknown,,
poultry_microscopy\all_images\Figure 1-E-Negative-FITC.jpg,unknown,unknown,figshare,2048,1536,Figure 1-E-Negative-FITC.jpg,unknown,,
poultry_microscopy\all_images\Figure 1-E-Negative-Merge.jpg,unknown,unknown,figshare,2048,1536,Figure 1-E-Negative-Merge.jpg,unknown,,
poultry_microscopy\all_images\Figure 1-F.jpg,unknown,unknown,figshare,2048,1525,Figure 1-F.jpg,unknown,,
poultry_microscopy\all_images\Figure 2-Infection-1.JPG,unknown,unknown,figshare,2048,1536,Figure 2-Infection-1.JPG,unknown,,
poultry_microscopy\all_images\Figure 2-Infection-2.JPG,unknown,unknown,figshare,2048,1536,Figure 2-Infection-2.JPG,unknown,,
poultry_microscopy\all_images\Figure 2-Infection-3.JPG,unknown,unknown,figshare,2048,1536,Figure 2-Infection-3.JPG,unknown,,
poultry_microscopy\all_images\Figure 2-Infection-4.JPG,unknown,unknown,figshare,2048,1536,Figure 2-Infection-4.JPG,unknown,,
poultry_microscopy\all_images\Figure 2-Infection-5.JPG,unknown,unknown,figshare,2048,1536,Figure 2-Infection-5.JPG,unknown,,
poultry_microscopy\all_images\Figure 2-Infection-6.JPG,unknown,unknown,figshare,2048,1536,Figure 2-Infection-6.JPG,unknown,,
poultry_microscopy\all_images\Figure 2-Infection-7.JPG,unknown,unknown,figshare,2048,1536,Figure 2-Infection-7.JPG,unknown,,
poultry_microscopy\all_images\Figure 2A.jpg,unknown,unknown,figshare,2048,1593,Figure 2A.jpg,unknown,,
poultry_microscopy\all_images\Figure 2B.jpg,unknown,unknown,figshare,1798,1485,Figure 2B.jpg,unknown,,
poultry_microscopy\all_images\Figure 2C.jpg,unknown,unknown,figshare,2048,1851,Figure 2C.jpg,unknown,,
poultry_microscopy\all_images\Figure 3-Back-1.JPG,unknown,back,figshare,2048,1536,Figure 3-Back-1.JPG,unknown,,
poultry_microscopy\all_images\Figure 3-Back-2.JPG,unknown,back,figshare,2048,1536,Figure 3-Back-2.JPG,unknown,,
poultry_microscopy\all_images\Figure 3-Back-3.JPG,unknown,back,figshare,2048,1536,Figure 3-Back-3.JPG,unknown,,
poultry_microscopy\all_images\Figure 3-Back-4.JPG,unknown,back,figshare,2048,1536,Figure 3-Back-4.JPG,unknown,,
poultry_microscopy\all_images\Figure 3-Back-5.JPG,unknown,back,figshare,2048,1536,Figure 3-Back-5.JPG,unknown,,
poultry_microscopy\all_images\Figure 3-Back-6.JPG,unknown,back,figshare,2048,1536,Figure 3-Back-6.JPG,unknown,,
poultry_microscopy\all_images\Figure 3-Back-7.JPG,unknown,back,figshare,2048,1536,Figure 3-Back-7.JPG,unknown,,
poultry_microscopy\all_images\Figure 3-Head-1.JPG,unknown,head,figshare,2048,1536,Figure 3-Head-1.JPG,unknown,,
poultry_microscopy\all_images\Figure 3-Head-2.JPG,unknown,head,figshare,2048,1536,Figure 3-Head-2.JPG,unknown,,
poultry_microscopy\all_images\Figure 3-Head-3.JPG,unknown,head,figshare,2048,1536,Figure 3-Head-3.JPG,unknown,,
poultry_microscopy\all_images\Figure 3-Head-4.JPG,unknown,head,figshare,2048,1536,Figure 3-Head-4.JPG,unknown,,
poultry_microscopy\all_images\Figure 3-Head-5.JPG,unknown,head,figshare,2048,1536,Figure 3-Head-5.JPG,unknown,,
poultry_microscopy\all_images\Figure 3-Head-6.JPG,unknown,head,figshare,2048,1536,Figure 3-Head-6.JPG,unknown,,
poultry_microscopy\all_images\Figure 3-Head-7.JPG,unknown,head,figshare,2048,1536,Figure 3-Head-7.JPG,unknown,,
poultry_microscopy\all_images\Figure 3-Stomach-1.JPG,unknown,stomach,figshare,2048,1536,Figure 3-Stomach-1.JPG,unknown,,
poultry_microscopy\all_images\Figure 3-Stomach-2.JPG,unknown,stomach,figshare,2048,1536,Figure 3-Stomach-2.JPG,unknown,,
poultry_microscopy\all_images\Figure 3-Stomach-3.JPG,unknown,stomach,figshare,2048,1536,Figure 3-Stomach-3.JPG,unknown,,
poultry_microscopy\all_images\Figure 3-Stomach-4.JPG,unknown,stomach,figshare,2048,1536,Figure 3-Stomach-4.JPG,unknown,,
poultry_microscopy\all_images\Figure 3-Stomach-5.JPG,unknown,stomach,figshare,2048,1536,Figure 3-Stomach-5.JPG,unknown,,
poultry_microscopy\all_images\Figure 3-Stomach-6.JPG,unknown,stomach,figshare,2048,1536,Figure 3-Stomach-6.JPG,unknown,,
poultry_microscopy\all_images\Figure 3-Stomach-7.JPG,unknown,stomach,figshare,2048,1536,Figure 3-Stomach-7.JPG,unknown,,
poultry_microscopy\all_images\Figure 4-Bursa of Fabricius-1.JPG,unknown,bursa,figshare,2048,1024,Figure 4-Bursa of Fabricius-1.JPG,unknown,,
poultry_microscopy\all_images\Figure 4-Bursa of Fabricius-2.JPG,unknown,bursa,figshare,2048,1024,Figure 4-Bursa of Fabricius-2.JPG,unknown,,
poultry_microscopy\all_images\Figure 4-Bursa of Fabricius-3.JPG,unknown,bursa,figshare,2048,1024,Figure 4-Bursa of Fabricius-3.JPG,unknown,,
poultry_microscopy\all_images\Figure 4-Bursa of Fabricius-4.JPG,unknown,bursa,figshare,2048,1024,Figure 4-Bursa of Fabricius-4.JPG,unknown,,
poultry_microscopy\all_images\Figure 4-Bursa of Fabricius-5.JPG,unknown,bursa,figshare,2048,1024,Figure 4-Bursa of Fabricius-5.JPG,unknown,,
poultry_microscopy\all_images\Figure 4-Bursa of Fabricius-6.JPG,unknown,bursa,figshare,2048,1024,Figure 4-Bursa of Fabricius-6.JPG,unknown,,
poultry_microscopy\all_images\Figure 4-Bursa of Fabricius-7.JPG,unknown,bursa,figshare,2048,1024,Figure 4-Bursa of Fabricius-7.JPG,unknown,,
poultry_microscopy\all_images\Figure 4-Kidney-1.JPG,unknown,kidney,figshare,2048,1024,Figure 4-Kidney-1.JPG,unknown,,
poultry_microscopy\all_images\Figure 4-Kidney-2.JPG,unknown,kidney,figshare,2048,1024,Figure 4-Kidney-2.JPG,unknown,,
poultry_microscopy\all_images\Figure 4-Kidney-3.JPG,unknown,kidney,figshare,2048,1024,Figure 4-Kidney-3.JPG,unknown,,
poultry_microscopy\all_images\Figure 4-Kidney-4.JPG,unknown,kidney,figshare,2048,1152,Figure 4-Kidney-4.JPG,unknown,,
poultry_microscopy\all_images\Figure 4-Kidney-5.JPG,unknown,kidney,figshare,2048,1024,Figure 4-Kidney-5.JPG,unknown,,
poultry_microscopy\all_images\Figure 4-Kidney-6.JPG,unknown,kidney,figshare,2048,1024,Figure 4-Kidney-6.JPG,unknown,,
poultry_microscopy\all_images\Figure 4-Kidney-7.JPG,unknown,kidney,figshare,2048,1152,Figure 4-Kidney-7.JPG,unknown,,
poultry_microscopy\all_images\Figure 4-Liver-1.JPG,unknown,liver,figshare,2048,1024,Figure 4-Liver-1.JPG,unknown,,
poultry_microscopy\all_images\Figure 4-Liver-2.JPG,unknown,liver,figshare,2048,1024,Figure 4-Liver-2.JPG,unknown,,
poultry_microscopy\all_images\Figure 4-Liver-3.JPG,unknown,liver,figshare,2048,1024,Figure 4-Liver-3.JPG,unknown,,
poultry_microscopy\all_images\Figure 4-Liver-4.JPG,unknown,liver,figshare,2048,1024,Figure 4-Liver-4.JPG,unknown,,
poultry_microscopy\all_images\Figure 4-Liver-5.JPG,unknown,liver,figshare,2048,1024,Figure 4-Liver-5.JPG,unknown,,
poultry_microscopy\all_images\Figure 4-Liver-6.JPG,unknown,liver,figshare,2048,1024,Figure 4-Liver-6.JPG,unknown,,
poultry_microscopy\all_images\Figure 4-Liver-7.JPG,unknown,liver,figshare,2048,1024,Figure 4-Liver-7.JPG,unknown,,
poultry_microscopy\all_images\Figure 4-Spleen-1.JPG,unknown,spleen,figshare,2048,1024,Figure 4-Spleen-1.JPG,unknown,,
poultry_microscopy\all_images\Figure 4-Spleen-2.JPG,unknown,spleen,figshare,2048,1024,Figure 4-Spleen-2.JPG,unknown,,
poultry_microscopy\all_images\Figure 4-Spleen-3.JPG,unknown,spleen,figshare,2048,1024,Figure 4-Spleen-3.JPG,unknown,,
poultry_microscopy\all_images\Figure 4-Spleen-4.JPG,unknown,spleen,figshare,2048,1024,Figure 4-Spleen-4.JPG,unknown,,
poultry_microscopy\all_images\Figure 4-Spleen-5.JPG,unknown,spleen,figshare,2048,1024,Figure 4-Spleen-5.JPG,unknown,,
poultry_microscopy\all_images\Figure 4-Spleen-6.JPG,unknown,spleen,figshare,2048,1024,Figure 4-Spleen-6.JPG,unknown,,
poultry_microscopy\all_images\Figure 4-Spleen-7.JPG,unknown,spleen,figshare,2048,1024,Figure 4-Spleen-7.JPG,unknown,,
poultry_microscopy\all_images\Figure 4-Thymus-1.JPG,unknown,thymus,figshare,2048,1024,Figure 4-Thymus-1.JPG,unknown,,
poultry_microscopy\all_images\Figure 4-Thymus-2.JPG,unknown,thymus,figshare,2048,1024,Figure 4-Thymus-2.JPG,unknown,,
poultry_microscopy\all_images\Figure 4-Thymus-3.JPG,unknown,thymus,figshare,2048,1024,Figure 4-Thymus-3.JPG,unknown,,
poultry_microscopy\all_images\Figure 4-Thymus-4.JPG,unknown,thymus,figshare,2048,1024,Figure 4-Thymus-4.JPG,unknown,,
poultry_microscopy\all_images\Figure 4-Thymus-5.JPG,unknown,thymus,figshare,2048,1024,Figure 4-Thymus-5.JPG,unknown,,
poultry_microscopy\all_images\Figure 4-Thymus-6.JPG,unknown,thymus,figshare,2048,1024,Figure 4-Thymus-6.JPG,unknown,,
poultry_microscopy\all_images\Figure 4-Thymus-7.JPG,unknown,thymus,figshare,2048,1024,Figure 4-Thymus-7.JPG,unknown,,
poultry_microscopy\all_images\Figure 5-Bursa of Fabricius-Infection-1.jpg,unknown,bursa,figshare,1716,916,Figure 5-Bursa of Fabricius-Infection-1.jpg,unknown,,
poultry_microscopy\all_images\Figure 5-Bursa of Fabricius-Infection-2.jpg,unknown,bursa,figshare,1716,916,Figure 5-Bursa of Fabricius-Infection-2.jpg,unknown,,
poultry_microscopy\all_images\Figure 5-Bursa of Fabricius-Infection-3.jpg,unknown,bursa,figshare,1716,916,Figure 5-Bursa of Fabricius-Infection-3.jpg,unknown,,
poultry_microscopy\all_images\Figure 5-Bursa of Fabricius-Infection-4.jpg,unknown,bursa,figshare,1716,916,Figure 5-Bursa of Fabricius-Infection-4.jpg,unknown,,
poultry_microscopy\all_images\Figure 5-Bursa of Fabricius-Infection-5.jpg,unknown,bursa,figshare,1716,916,Figure 5-Bursa of Fabricius-Infection-5.jpg,unknown,,
poultry_microscopy\all_images\Figure 5-Hair Follicle-Infection-1.jpg,unknown,hair_follicle,figshare,1716,943,Figure 5-Hair Follicle-Infection-1.jpg,unknown,,
poultry_microscopy\all_images\Figure 5-Hair Follicle-Infection-2.jpg,unknown,hair_follicle,figshare,1716,942,Figure 5-Hair Follicle-Infection-2.jpg,unknown,,
poultry_microscopy\all_images\Figure 5-Hair Follicle-Infection-3.jpg,unknown,hair_follicle,figshare,1716,916,Figure 5-Hair Follicle-Infection-3.jpg,unknown,,
poultry_microscopy\all_images\Figure 5-Hair Follicle-Infection-4.jpg,unknown,hair_follicle,figshare,1716,942,Figure 5-Hair Follicle-Infection-4.jpg,unknown,,
poultry_microscopy\all_images\Figure 5-Hair Follicle-Infection-5.jpg,unknown,hair_follicle,figshare,1716,916,Figure 5-Hair Follicle-Infection-5.jpg,unknown,,
poultry_microscopy\all_images\Figure 5-Kidney-Infection-1.jpg,unknown,kidney,figshare,1716,942,Figure 5-Kidney-Infection-1.jpg,unknown,,
poultry_microscopy\all_images\Figure 5-Kidney-Infection-2.jpg,unknown,kidney,figshare,1716,942,Figure 5-Kidney-Infection-2.jpg,unknown,,
poultry_microscopy\all_images\Figure 5-Kidney-Infection-3.jpg,unknown,kidney,figshare,1716,942,Figure 5-Kidney-Infection-3.jpg,unknown,,
poultry_microscopy\all_images\Figure 5-Kidney-Infection-4.jpg,unknown,kidney,figshare,1716,916,Figure 5-Kidney-Infection-4.jpg,unknown,,
poultry_microscopy\all_images\Figure 5-Kidney-Infection-5.jpg,unknown,kidney,figshare,1716,916,Figure 5-Kidney-Infection-5.jpg,unknown,,
poultry_microscopy\all_images\Figure 5-Lung-Infection-1.jpg,unknown,lung,figshare,1716,942,Figure 5-Lung-Infection-1.jpg,unknown,,
poultry_microscopy\all_images\Figure 5-Lung-Infection-2.jpg,unknown,lung,figshare,1716,942,Figure 5-Lung-Infection-2.jpg,unknown,,
poultry_microscopy\all_images\Figure 5-Lung-Infection-3.jpg,unknown,lung,figshare,1716,942,Figure 5-Lung-Infection-3.jpg,unknown,,
poultry_microscopy\all_images\Figure 5-Lung-Infection-4.jpg,unknown,lung,figshare,1716,942,Figure 5-Lung-Infection-4.jpg,unknown,,
poultry_microscopy\all_images\Figure 5-Lung-Infection-5.jpg,unknown,lung,figshare,1728,924,Figure 5-Lung-Infection-5.jpg,unknown,,
poultry_microscopy\all_images\Figure 5-Pancreas-Infection-1.jpg,unknown,pancreas,figshare,1720,927,Figure 5-Pancreas-Infection-1.jpg,unknown,,
poultry_microscopy\all_images\Figure 5-Pancreas-Infection-2.jpg,unknown,pancreas,figshare,1716,916,Figure 5-Pancreas-Infection-2.jpg,unknown,,
poultry_microscopy\all_images\Figure 5-Pancreas-Infection-3.jpg,unknown,pancreas,figshare,1716,942,Figure 5-Pancreas-Infection-3.jpg,unknown,,
poultry_microscopy\all_images\Figure 5-Pancreas-Infection-4.jpg,unknown,pancreas,figshare,1716,942,Figure 5-Pancreas-Infection-4.jpg,unknown,,
poultry_microscopy\all_images\Figure 5-Pancreas-Infection-5.jpg,unknown,pancreas,figshare,1720,925,Figure 5-Pancreas-Infection-5.jpg,unknown,,
poultry_microscopy\all_images\Figure 5-Spleen-Infection-1.jpg,unknown,spleen,figshare,1716,942,Figure 5-Spleen-Infection-1.jpg,unknown,,
poultry_microscopy\all_images\Figure 5-Spleen-Infection-2.jpg,unknown,spleen,figshare,1716,916,Figure 5-Spleen-Infection-2.jpg,unknown,,
poultry_microscopy\all_images\Figure 5-Spleen-Infection-3.jpg,unknown,spleen,figshare,1716,916,Figure 5-Spleen-Infection-3.jpg,unknown,,
poultry_microscopy\all_images\Figure 5-Spleen-Infection-4.jpg,unknown,spleen,figshare,1716,942,Figure 5-Spleen-Infection-4.jpg,unknown,,
poultry_microscopy\all_images\Figure 5-Spleen-Infection-5.jpg,unknown,spleen,figshare,1716,916,Figure 5-Spleen-Infection-5.jpg,unknown,,
poultry_microscopy\all_images\Figure 5-Thymus-Infection-1.jpg,unknown,thymus,figshare,1716,942,Figure 5-Thymus-Infection-1.jpg,unknown,,
poultry_microscopy\all_images\Figure 5-Thymus-Infection-2.jpg,unknown,thymus,figshare,1716,942,Figure 5-Thymus-Infection-2.jpg,unknown,,
poultry_microscopy\all_images\Figure 5-Thymus-Infection-3.jpg,unknown,thymus,figshare,1716,942,Figure 5-Thymus-Infection-3.jpg,unknown,,
poultry_microscopy\all_images\Figure 5-Thymus-Infection-4.jpg,unknown,thymus,figshare,1716,942,Figure 5-Thymus-Infection-4.jpg,unknown,,
poultry_microscopy\all_images\Figure 5-Thymus-Infection-5.jpg,unknown,thymus,figshare,1716,930,Figure 5-Thymus-Infection-5.jpg,unknown,,
poultry_microscopy\all_images\Figure 6-Bursa of Fabricius-Infection-1.jpg,unknown,bursa,figshare,2048,1058,Figure 6-Bursa of Fabricius-Infection-1.jpg,unknown,,
poultry_microscopy\all_images\Figure 6-Bursa of Fabricius-Infection-2.jpg,unknown,bursa,figshare,2048,1058,Figure 6-Bursa of Fabricius-Infection-2.jpg,unknown,,
poultry_microscopy\all_images\Figure 6-Bursa of Fabricius-Infection-3.jpg,unknown,bursa,figshare,2048,1058,Figure 6-Bursa of Fabricius-Infection-3.jpg,unknown,,
poultry_microscopy\all_images\Figure 6-Spleen-Infection-1.jpg,unknown,spleen,figshare,2048,1058,Figure 6-Spleen-Infection-1.jpg,unknown,,
poultry_microscopy\all_images\Figure 6-Spleen-Infection-2.jpg,unknown,spleen,figshare,2048,1058,Figure 6-Spleen-Infection-2.jpg,unknown,,
poultry_microscopy\all_images\Figure 6-Spleen-Infection-3.jpg,unknown,spleen,figshare,2048,1058,Figure 6-Spleen-Infection-3.jpg,unknown,,
poultry_microscopy\all_images\Figure 6-Thymus-Infection-1.jpg,unknown,thymus,figshare,2048,1058,Figure 6-Thymus-Infection-1.jpg,unknown,,
poultry_microscopy\all_images\Figure 6-Thymus-Infection-2.jpg,unknown,thymus,figshare,2048,1058,Figure 6-Thymus-Infection-2.jpg,unknown,,
poultry_microscopy\all_images\Figure 6-Thymus-Infection-3.jpg,unknown,thymus,figshare,2048,1058,Figure 6-Thymus-Infection-3.jpg,unknown,,
poultry_microscopy\all_images\Figure 6A.jpg,unknown,unknown,figshare,2828,1921,Figure 6A.jpg,unknown,,
poultry_microscopy\all_images\Figure 6B.jpg,unknown,unknown,figshare,4160,3120,Figure 6B.jpg,unknown,,
poultry_microscopy\all_images\Figure 6C.jpg,unknown,unknown,figshare,4096,3072,Figure 6C.jpg,unknown,,
poultry_microscopy\all_images\Figure 6D.jpg,unknown,unknown,figshare,3072,4096,Figure 6D.jpg,unknown,,
poultry_microscopy\all_images\Figure 6E.jpg,unknown,unknown,figshare,2200,1908,Figure 6E.jpg,unknown,,
poultry_microscopy\all_images\Figure 6F.jpeg,unknown,unknown,figshare,2148,1918,Figure 6F.jpeg,unknown,,
poultry_microscopy\all_images\Figure 7-Brain.jpg,unknown,unknown,figshare,1721,979,Figure 7-Brain.jpg,unknown,,
poultry_microscopy\all_images\Figure 7-Bursa of Fabricius.jpg,unknown,bursa,figshare,1721,979,Figure 7-Bursa of Fabricius.jpg,unknown,,
poultry_microscopy\all_images\Figure 7-Duodenum.jpg,unknown,unknown,figshare,1721,979,Figure 7-Duodenum.jpg,unknown,,
poultry_microscopy\all_images\Figure 7-Heart.jpg,unknown,unknown,figshare,1721,979,Figure 7-Heart.jpg,unknown,,
poultry_microscopy\all_images\Figure 7-Kidney.jpg,unknown,kidney,figshare,1721,979,Figure 7-Kidney.jpg,unknown,,
poultry_microscopy\all_images\Figure 7-Liver.jpg,unknown,liver,figshare,1721,979,Figure 7-Liver.jpg,unknown,,
poultry_microscopy\all_images\Figure 7-Lung.jpg,unknown,lung,figshare,1721,979,Figure 7-Lung.jpg,unknown,,
poultry_microscopy\all_images\Figure 7-Pancreas.jpg,unknown,pancreas,figshare,1721,979,Figure 7-Pancreas.jpg,unknown,,
poultry_microscopy\all_images\Figure 7-Skin.jpg,unknown,unknown,figshare,1721,979,Figure 7-Skin.jpg,unknown,,
poultry_microscopy\all_images\Figure 7-Spleen.jpg,unknown,spleen,figshare,1721,979,Figure 7-Spleen.jpg,unknown,,
poultry_microscopy\all_images\Figure 7-Thymus.jpg,unknown,thymus,figshare,1721,979,Figure 7-Thymus.jpg,unknown,,
poultry_microscopy\all_images\Figure 7A.jpg,unknown,unknown,figshare,2880,2048,Figure 7A.jpg,unknown,,
poultry_microscopy\all_images\Figure 7B.jpg,unknown,unknown,figshare,2880,2048,Figure 7B.jpg,unknown,,
poultry_microscopy\all_images\Figure 7C.jpg,unknown,unknown,figshare,1440,1024,Figure 7C.jpg,unknown,,
poultry_microscopy\all_images\Figure 7D.jpg,unknown,unknown,figshare,1440,1024,Figure 7D.jpg,unknown,,
poultry_microscopy\all_images\Figure 7E.jpg,unknown,unknown,figshare,1280,960,Figure 7E.jpg,unknown,,
poultry_microscopy\all_images\Figure 7F.jpg,unknown,unknown,figshare,1440,1024,Figure 7F.jpg,unknown,,
poultry_microscopy\all_images\Figure 8-A.jpg,unknown,unknown,figshare,1224,979,Figure 8-A.jpg,unknown,,
poultry_microscopy\all_images\Figure 8-B.jpg,unknown,unknown,figshare,1721,979,Figure 8-B.jpg,unknown,,
poultry_microscopy\all_images\Figure 8-C.jpg,unknown,unknown,figshare,1462,949,Figure 8-C.jpg,unknown,,
poultry_microscopy\all_images\Figure 8-D.jpg,unknown,unknown,figshare,2048,834,Figure 8-D.jpg,unknown,,
poultry_microscopy\all_images\Figure 8-E.jpg,unknown,unknown,figshare,2048,796,Figure 8-E.jpg,unknown,,
poultry_microscopy\all_images\PMC10031541_fig0002_07e1c073.jpg,unknown,unknown,figshare,729,851,PMC10031541_fig0002_07e1c073.jpg,unknown,,
poultry_microscopy\all_images\PMC10031541_fig0003_cfef4d05.jpg,unknown,unknown,figshare,714,953,PMC10031541_fig0003_cfef4d05.jpg,unknown,,
poultry_microscopy\all_images\PMC10295512_animals-13-02037-f004_73209a15.jpg,unknown,unknown,figshare,747,559,PMC10295512_animals-13-02037-f004_73209a15.jpg,unknown,,
poultry_microscopy\all_images\PMC10405095_fig0006_08f4ee04.jpg,unknown,unknown,figshare,750,950,PMC10405095_fig0006_08f4ee04.jpg,unknown,,
poultry_microscopy\all_images\PMC10405095_fig0007_b8c38f78.jpg,unknown,unknown,figshare,791,1496,PMC10405095_fig0007_b8c38f78.jpg,unknown,,
poultry_microscopy\all_images\PMC10483844_Fig1_5f83ed6b.jpg,unknown,unknown,figshare,770,1653,PMC10483844_Fig1_5f83ed6b.jpg,unknown,,
poultry_microscopy\all_images\PMC10650477_animals-13-03421-f001_e4a54b5b.jpg,unknown,unknown,figshare,724,522,PMC10650477_animals-13-03421-f001_e4a54b5b.jpg,unknown,,
poultry_microscopy\all_images\PMC10711517_fig0001_b8c77161.jpg,unknown,unknown,figshare,727,1081,PMC10711517_fig0001_b8c77161.jpg,unknown,,
poultry_microscopy\all_images\PMC10711517_fig0006_6276e48d.jpg,unknown,unknown,figshare,727,1144,PMC10711517_fig0006_6276e48d.jpg,unknown,,
poultry_microscopy\all_images\PMC10768351_Fig3_3dc94067.jpg,unknown,unknown,figshare,595,708,PMC10768351_Fig3_3dc94067.jpg,unknown,,
poultry_microscopy\all_images\PMC10787586_f2_2fcdd437.jpg,unknown,unknown,figshare,765,753,PMC10787586_f2_2fcdd437.jpg,unknown,,
poultry_microscopy\all_images\PMC10787586_f3_c13ff539.jpg,unknown,unknown,figshare,774,778,PMC10787586_f3_c13ff539.jpg,unknown,,
poultry_microscopy\all_images\PMC10787586_f4_34805ace.jpg,unknown,unknown,figshare,776,691,PMC10787586_f4_34805ace.jpg,unknown,,
poultry_microscopy\all_images\PMC10787586_f5_f628fc83.jpg,unknown,unknown,figshare,724,868,PMC10787586_f5_f628fc83.jpg,unknown,,
poultry_microscopy\all_images\PMC10787586_sch1_2087487e.jpg,unknown,unknown,figshare,3806,1377,PMC10787586_sch1_2087487e.jpg,unknown,,
poultry_microscopy\all_images\PMC10792630_fig0001_fadbc66d.jpg,unknown,unknown,figshare,714,534,PMC10792630_fig0001_fadbc66d.jpg,unknown,,
poultry_microscopy\all_images\PMC10792630_fig0003_6efc7c9a.jpg,unknown,unknown,figshare,714,532,PMC10792630_fig0003_6efc7c9a.jpg,unknown,,
poultry_microscopy\all_images\PMC10792630_fig0004_de763b6d.jpg,unknown,unknown,figshare,714,537,PMC10792630_fig0004_de763b6d.jpg,unknown,,
poultry_microscopy\all_images\PMC10820081_toxins-16-00046-f003_1567380e.jpg,unknown,unknown,figshare,714,954,PMC10820081_toxins-16-00046-f003_1567380e.jpg,unknown,,
poultry_microscopy\all_images\PMC10881339_fig3_e55af878.jpg,unknown,unknown,figshare,724,742,PMC10881339_fig3_e55af878.jpg,unknown,,
poultry_microscopy\all_images\PMC10893078_vetsci-11-00098-f006_6bdedc3f.jpg,unknown,unknown,figshare,766,754,PMC10893078_vetsci-11-00098-f006_6bdedc3f.jpg,unknown,,
poultry_microscopy\all_images\PMC10893078_vetsci-11-00098-f007_4d2b97c2.jpg,unknown,unknown,figshare,742,731,PMC10893078_vetsci-11-00098-f007_4d2b97c2.jpg,unknown,,
poultry_microscopy\all_images\PMC11001757_Fig10_c01498ee.jpg,unknown,unknown,figshare,708,672,PMC11001757_Fig10_c01498ee.jpg,unknown,,
poultry_microscopy\all_images\PMC11001757_Fig11_1e808529.jpg,unknown,unknown,figshare,708,675,PMC11001757_Fig11_1e808529.jpg,unknown,,
poultry_microscopy\all_images\PMC11001757_Fig12_0fb8e62b.jpg,unknown,unknown,figshare,670,984,PMC11001757_Fig12_0fb8e62b.jpg,unknown,,
poultry_microscopy\all_images\PMC11001757_Fig13_de4faf2e.jpg,unknown,unknown,figshare,684,990,PMC11001757_Fig13_de4faf2e.jpg,unknown,,
poultry_microscopy\all_images\PMC11001757_Fig14_12898e70.jpg,unknown,unknown,figshare,684,989,PMC11001757_Fig14_12898e70.jpg,unknown,,
poultry_microscopy\all_images\PMC11001757_Fig15_c9494e09.jpg,unknown,unknown,figshare,684,987,PMC11001757_Fig15_c9494e09.jpg,unknown,,
poultry_microscopy\all_images\PMC11001757_Fig16_11f24264.jpg,unknown,unknown,figshare,684,909,PMC11001757_Fig16_11f24264.jpg,unknown,,
poultry_microscopy\all_images\PMC11001757_Fig17_618b5ed5.jpg,unknown,unknown,figshare,684,910,PMC11001757_Fig17_618b5ed5.jpg,unknown,,
poultry_microscopy\all_images\PMC11001757_Fig18_bbf075ba.jpg,unknown,unknown,figshare,684,905,PMC11001757_Fig18_bbf075ba.jpg,unknown,,
poultry_microscopy\all_images\PMC11001757_Fig19_34362a35.jpg,unknown,unknown,figshare,684,896,PMC11001757_Fig19_34362a35.jpg,unknown,,
poultry_microscopy\all_images\PMC11001757_Fig20_ee6644f2.jpg,unknown,unknown,figshare,678,912,PMC11001757_Fig20_ee6644f2.jpg,unknown,,
poultry_microscopy\all_images\PMC11001757_Fig21_a03a52f3.jpg,unknown,unknown,figshare,684,947,PMC11001757_Fig21_a03a52f3.jpg,unknown,,
poultry_microscopy\all_images\PMC11001757_Fig22_4f95a7e5.jpg,unknown,unknown,figshare,684,919,PMC11001757_Fig22_4f95a7e5.jpg,unknown,,
poultry_microscopy\all_images\PMC11001757_Fig23_fe66095b.jpg,unknown,unknown,figshare,684,954,PMC11001757_Fig23_fe66095b.jpg,unknown,,
poultry_microscopy\all_images\PMC11001757_Fig6_29434ac8.jpg,unknown,unknown,figshare,708,680,PMC11001757_Fig6_29434ac8.jpg,unknown,,
poultry_microscopy\all_images\PMC11001757_Fig7_765d247f.jpg,unknown,unknown,figshare,708,680,PMC11001757_Fig7_765d247f.jpg,unknown,,
poultry_microscopy\all_images\PMC11001757_Fig8_ddabf81f.jpg,unknown,unknown,figshare,708,676,PMC11001757_Fig8_ddabf81f.jpg,unknown,,
poultry_microscopy\all_images\PMC11001757_Fig9_2fd1768b.jpg,unknown,unknown,figshare,708,673,PMC11001757_Fig9_2fd1768b.jpg,unknown,,
poultry_microscopy\all_images\PMC11017358_fig0001_77c91f39.jpg,unknown,unknown,figshare,694,552,PMC11017358_fig0001_77c91f39.jpg,unknown,,
poultry_microscopy\all_images\PMC11017358_fig0005_aacc6719.jpg,unknown,unknown,figshare,770,685,PMC11017358_fig0005_aacc6719.jpg,unknown,,
poultry_microscopy\all_images\PMC11240451_animals-14-01959-f001_38bface1.jpg,unknown,unknown,figshare,746,556,PMC11240451_animals-14-01959-f001_38bface1.jpg,unknown,,
poultry_microscopy\all_images\PMC11240451_animals-14-01959-f002_4e531273.jpg,unknown,unknown,figshare,774,586,PMC11240451_animals-14-01959-f002_4e531273.jpg,unknown,,
poultry_microscopy\all_images\PMC11342782_fig0004_8b18700e.jpg,unknown,unknown,figshare,666,1037,PMC11342782_fig0004_8b18700e.jpg,unknown,,
poultry_microscopy\all_images\PMC11357213_pathogens-13-00619-f002_d8e5e9c8.jpg,unknown,unknown,figshare,696,540,PMC11357213_pathogens-13-00619-f002_d8e5e9c8.jpg,unknown,,
poultry_microscopy\all_images\PMC11357213_pathogens-13-00619-f004_69048037.jpg,unknown,unknown,figshare,695,525,PMC11357213_pathogens-13-00619-f004_69048037.jpg,unknown,,
poultry_microscopy\all_images\PMC11377767_Fig1_cdcf7232.jpg,unknown,unknown,figshare,699,556,PMC11377767_Fig1_cdcf7232.jpg,unknown,,
poultry_microscopy\all_images\PMC11377767_Fig6_1b7ee950.jpg,unknown,unknown,figshare,724,921,PMC11377767_Fig6_1b7ee950.jpg,unknown,,
poultry_microscopy\all_images\PMC11377767_Fig7_46e5265c.jpg,unknown,unknown,figshare,724,791,PMC11377767_Fig7_46e5265c.jpg,unknown,,
poultry_microscopy\all_images\PMC11377767_Fig8_6813c46c.jpg,unknown,unknown,figshare,726,916,PMC11377767_Fig8_6813c46c.jpg,unknown,,
poultry_microscopy\all_images\PMC11446001_Fig2_0dbade6c.jpg,unknown,unknown,figshare,1592,2073,PMC11446001_Fig2_0dbade6c.jpg,unknown,,
poultry_microscopy\all_images\PMC11446001_Fig3_e76241bb.jpg,unknown,unknown,figshare,1592,1527,PMC11446001_Fig3_e76241bb.jpg,unknown,,
poultry_microscopy\all_images\PMC11446001_Fig4_ce2195e4.jpg,unknown,unknown,figshare,1592,1249,PMC11446001_Fig4_ce2195e4.jpg,unknown,,
poultry_microscopy\all_images\PMC11481460_Fig2_67a4986a.jpg,unknown,unknown,figshare,798,744,PMC11481460_Fig2_67a4986a.jpg,unknown,,
poultry_microscopy\all_images\PMC11481460_Fig5_0e2cf4b6.jpg,unknown,unknown,figshare,798,762,PMC11481460_Fig5_0e2cf4b6.jpg,unknown,,
poultry_microscopy\all_images\PMC11481460_Fig6_38d1fbbd.jpg,unknown,unknown,figshare,798,646,PMC11481460_Fig6_38d1fbbd.jpg,unknown,,
poultry_microscopy\all_images\PMC11492589_fig0004_f5803c2b.jpg,unknown,unknown,figshare,740,740,PMC11492589_fig0004_f5803c2b.jpg,unknown,,
poultry_microscopy\all_images\PMC11492589_fig0008_ad6b5674.jpg,unknown,unknown,figshare,752,574,PMC11492589_fig0008_ad6b5674.jpg,unknown,,
poultry_microscopy\all_images\PMC11544849_cells-13-01797-f006_7eff7236.jpg,unknown,unknown,figshare,744,734,PMC11544849_cells-13-01797-f006_7eff7236.jpg,unknown,,
poultry_microscopy\all_images\PMC11578965_fig1_47259a0e.jpg,unknown,unknown,figshare,767,566,PMC11578965_fig1_47259a0e.jpg,unknown,,
poultry_microscopy\all_images\PMC11578965_fig2_9909a18e.jpg,unknown,unknown,figshare,767,596,PMC11578965_fig2_9909a18e.jpg,unknown,,
poultry_microscopy\all_images\PMC11578965_fig3_43e8bce1.jpg,unknown,unknown,figshare,767,598,PMC11578965_fig3_43e8bce1.jpg,unknown,,
poultry_microscopy\all_images\PMC11578965_fig4_88015ce9.jpg,unknown,unknown,figshare,767,561,PMC11578965_fig4_88015ce9.jpg,unknown,,
poultry_microscopy\all_images\PMC11578965_fig7_1fc99482.jpg,unknown,unknown,figshare,767,530,PMC11578965_fig7_1fc99482.jpg,unknown,,
poultry_microscopy\all_images\PMC11582649_Fig1_8b8249a8.jpg,unknown,unknown,figshare,718,1155,PMC11582649_Fig1_8b8249a8.jpg,unknown,,
poultry_microscopy\all_images\PMC11582649_Fig3_8c9f5518.jpg,unknown,unknown,figshare,728,1250,PMC11582649_Fig3_8c9f5518.jpg,unknown,,
poultry_microscopy\all_images\PMC11582649_Fig5_e50e1684.jpg,unknown,unknown,figshare,725,826,PMC11582649_Fig5_e50e1684.jpg,unknown,,
poultry_microscopy\all_images\PMC11598950_viruses-16-01777-f001_cb58f49f.jpg,unknown,unknown,figshare,728,589,PMC11598950_viruses-16-01777-f001_cb58f49f.jpg,unknown,,
poultry_microscopy\all_images\PMC11598950_viruses-16-01777-f002_5cad26df.jpg,unknown,unknown,figshare,698,972,PMC11598950_viruses-16-01777-f002_5cad26df.jpg,unknown,,
poultry_microscopy\all_images\PMC11598950_viruses-16-01777-f003_ca82edec.jpg,unknown,unknown,figshare,718,706,PMC11598950_viruses-16-01777-f003_ca82edec.jpg,unknown,,
poultry_microscopy\all_images\PMC11598950_viruses-16-01777-f004_d03c4bb2.jpg,unknown,unknown,figshare,675,862,PMC11598950_viruses-16-01777-f004_d03c4bb2.jpg,unknown,,
poultry_microscopy\all_images\PMC11610265_Fig2_dccfc240.jpg,unknown,unknown,figshare,595,834,PMC11610265_Fig2_dccfc240.jpg,unknown,,
poultry_microscopy\all_images\PMC11610265_Fig4_099bd16a.jpg,unknown,unknown,figshare,708,988,PMC11610265_Fig4_099bd16a.jpg,unknown,,
poultry_microscopy\all_images\PMC11647614_fig0001_b2afe4c6.jpg,unknown,unknown,figshare,714,1128,PMC11647614_fig0001_b2afe4c6.jpg,unknown,,
poultry_microscopy\all_images\PMC11647614_fig0004_436bae1f.jpg,unknown,unknown,figshare,708,864,PMC11647614_fig0004_436bae1f.jpg,unknown,,
poultry_microscopy\all_images\PMC11653950_Fig3_f2724457.jpg,unknown,unknown,figshare,2008,2070,PMC11653950_Fig3_f2724457.jpg,unknown,,
poultry_microscopy\all_images\PMC11653950_Fig5_5b98b4e7.jpg,unknown,unknown,figshare,2008,791,PMC11653950_Fig5_5b98b4e7.jpg,unknown,,
poultry_microscopy\all_images\PMC11677493_pathogens-13-01115-f001_53da904f.jpg,unknown,unknown,figshare,729,727,PMC11677493_pathogens-13-01115-f001_53da904f.jpg,unknown,,
poultry_microscopy\all_images\PMC11677493_pathogens-13-01115-f002_3df7d4f7.jpg,unknown,unknown,figshare,781,595,PMC11677493_pathogens-13-01115-f002_3df7d4f7.jpg,unknown,,
poultry_microscopy\all_images\PMC11680472_ame212463-fig-0001_cb0c6731.jpg,unknown,unknown,figshare,709,1113,PMC11680472_ame212463-fig-0001_cb0c6731.jpg,unknown,,
poultry_microscopy\all_images\PMC11680472_ame212463-fig-0002_9b06edf9.jpg,unknown,unknown,figshare,709,943,PMC11680472_ame212463-fig-0002_9b06edf9.jpg,unknown,,
poultry_microscopy\all_images\PMC11721806_F0001_499b482d.jpg,unknown,unknown,figshare,750,1076,PMC11721806_F0001_499b482d.jpg,unknown,,
poultry_microscopy\all_images\PMC11721806_F0004_183786bd.jpg,unknown,unknown,figshare,750,795,PMC11721806_F0004_183786bd.jpg,unknown,,
poultry_microscopy\all_images\PMC11721806_F0005_b8d13f8d.jpg,unknown,unknown,figshare,750,806,PMC11721806_F0005_b8d13f8d.jpg,unknown,,
poultry_microscopy\all_images\PMC11721806_F0006_47056793.jpg,unknown,unknown,figshare,750,890,PMC11721806_F0006_47056793.jpg,unknown,,
poultry_microscopy\all_images\PMC11721806_F0007_0b53044d.jpg,unknown,unknown,figshare,750,1069,PMC11721806_F0007_0b53044d.jpg,unknown,,
poultry_microscopy\all_images\PMC11728826_viruses-16-01966-f011_b3a8ad6f.jpg,unknown,unknown,figshare,708,702,PMC11728826_viruses-16-01966-f011_b3a8ad6f.jpg,unknown,,
poultry_microscopy\all_images\PMC11728826_viruses-16-01966-f012_6cbc1534.jpg,unknown,unknown,figshare,792,528,PMC11728826_viruses-16-01966-f012_6cbc1534.jpg,unknown,,
poultry_microscopy\all_images\PMC11740294_F0001_76713ad3.jpg,unknown,unknown,figshare,750,774,PMC11740294_F0001_76713ad3.jpg,unknown,,
poultry_microscopy\all_images\PMC11784312_F10_2244e966.jpg,unknown,unknown,figshare,774,951,PMC11784312_F10_2244e966.jpg,unknown,,
poultry_microscopy\all_images\PMC11784312_F2_62d4c9cc.jpg,unknown,unknown,figshare,728,896,PMC11784312_F2_62d4c9cc.jpg,unknown,,
poultry_microscopy\all_images\PMC11784312_F3_2915201b.jpg,unknown,unknown,figshare,753,1024,PMC11784312_F3_2915201b.jpg,unknown,,
poultry_microscopy\all_images\PMC11784312_F4_a6670377.jpg,unknown,unknown,figshare,756,1305,PMC11784312_F4_a6670377.jpg,unknown,,
poultry_microscopy\all_images\PMC11784312_F5_11bd5256.jpg,unknown,unknown,figshare,749,983,PMC11784312_F5_11bd5256.jpg,unknown,,
poultry_microscopy\all_images\PMC11784312_F7_d2bebc5a.jpg,unknown,unknown,figshare,728,910,PMC11784312_F7_d2bebc5a.jpg,unknown,,
poultry_microscopy\all_images\PMC11792478_F4_9ad36dcf.jpg,unknown,unknown,figshare,775,650,PMC11792478_F4_9ad36dcf.jpg,unknown,,
poultry_microscopy\all_images\PMC11792478_F5_b537569e.jpg,unknown,unknown,figshare,718,656,PMC11792478_F5_b537569e.jpg,unknown,,
poultry_microscopy\all_images\PMC11803967_Fig1_1b22716c.jpg,unknown,unknown,figshare,778,651,PMC11803967_Fig1_1b22716c.jpg,unknown,,
poultry_microscopy\all_images\PMC11803967_Fig5_1e3febdf.jpg,unknown,unknown,figshare,778,810,PMC11803967_Fig5_1e3febdf.jpg,unknown,,
poultry_microscopy\all_images\PMC11803967_Fig6_6a05f2d5.jpg,unknown,unknown,figshare,777,988,PMC11803967_Fig6_6a05f2d5.jpg,unknown,,
poultry_microscopy\all_images\PMC11803967_Fig7_80f9763c.jpg,unknown,unknown,figshare,722,920,PMC11803967_Fig7_80f9763c.jpg,unknown,,
poultry_microscopy\all_images\PMC11858509_pathogens-14-00149-f002_db224d6c.jpg,unknown,unknown,figshare,713,713,PMC11858509_pathogens-14-00149-f002_db224d6c.jpg,unknown,,
poultry_microscopy\all_images\PMC11858509_pathogens-14-00149-f003_bc4d3be3.jpg,unknown,unknown,figshare,728,641,PMC11858509_pathogens-14-00149-f003_bc4d3be3.jpg,unknown,,
poultry_microscopy\all_images\PMC11858509_pathogens-14-00149-f006_1f95113d.jpg,unknown,unknown,figshare,774,883,PMC11858509_pathogens-14-00149-f006_1f95113d.jpg,unknown,,
poultry_microscopy\all_images\PMC11864831_F1_5b66038c.jpg,unknown,unknown,figshare,787,943,PMC11864831_F1_5b66038c.jpg,unknown,,
poultry_microscopy\all_images\PMC11866900_Fig2_13c4795f.jpg,unknown,unknown,figshare,1592,941,PMC11866900_Fig2_13c4795f.jpg,unknown,,
poultry_microscopy\all_images\PMC11866900_Fig3_1a3b4310.jpg,unknown,unknown,figshare,1959,1104,PMC11866900_Fig3_1a3b4310.jpg,unknown,,
poultry_microscopy\all_images\PMC11906689_F3_bad77003.jpg,unknown,unknown,figshare,708,549,PMC11906689_F3_bad77003.jpg,unknown,,
poultry_microscopy\all_images\PMC11906689_F4_0677720f.jpg,unknown,unknown,figshare,708,549,PMC11906689_F4_0677720f.jpg,unknown,,
poultry_microscopy\all_images\PMC11932683_fig0003_68410bc5.jpg,unknown,unknown,figshare,768,763,PMC11932683_fig0003_68410bc5.jpg,unknown,,
poultry_microscopy\all_images\PMC11945385_vaccines-13-00294-f002_ef8994bb.jpg,unknown,unknown,figshare,731,998,PMC11945385_vaccines-13-00294-f002_ef8994bb.jpg,unknown,,
poultry_microscopy\all_images\PMC11945385_vaccines-13-00294-f005_984b7676.jpg,unknown,unknown,figshare,726,704,PMC11945385_vaccines-13-00294-f005_984b7676.jpg,unknown,,
poultry_microscopy\all_images\PMC11945385_vaccines-13-00294-f006_3524b08f.jpg,unknown,unknown,figshare,721,818,PMC11945385_vaccines-13-00294-f006_3524b08f.jpg,unknown,,
poultry_microscopy\all_images\PMC11960958_pone.0320483.g001_0b610137.jpg,unknown,unknown,figshare,750,525,PMC11960958_pone.0320483.g001_0b610137.jpg,unknown,,
poultry_microscopy\all_images\PMC11960958_pone.0320483.g003_7e286b18.jpg,unknown,unknown,figshare,785,785,PMC11960958_pone.0320483.g003_7e286b18.jpg,unknown,,
poultry_microscopy\all_images\PMC11960958_pone.0320483.g004_ef2c9da9.jpg,unknown,unknown,figshare,766,678,PMC11960958_pone.0320483.g004_ef2c9da9.jpg,unknown,,
poultry_microscopy\all_images\PMC11960958_pone.0320483.g005_e47995f8.jpg,unknown,unknown,figshare,796,806,PMC11960958_pone.0320483.g005_e47995f8.jpg,unknown,,
poultry_microscopy\all_images\PMC11960958_pone.0320483.g006_cb3122df.jpg,unknown,unknown,figshare,723,530,PMC11960958_pone.0320483.g006_cb3122df.jpg,unknown,,
poultry_microscopy\all_images\PMC11960958_pone.0320483.g007_1b6d43c7.jpg,unknown,unknown,figshare,782,782,PMC11960958_pone.0320483.g007_1b6d43c7.jpg,unknown,,
poultry_microscopy\all_images\PMC11960958_pone.0320483.g009_f6d6876e.jpg,unknown,unknown,figshare,796,605,PMC11960958_pone.0320483.g009_f6d6876e.jpg,unknown,,
poultry_microscopy\all_images\PMC11965304_Fig2_6d73b066.jpg,unknown,unknown,figshare,799,528,PMC11965304_Fig2_6d73b066.jpg,unknown,,
poultry_microscopy\all_images\PMC11971486_F1_0f42d2c4.jpg,unknown,unknown,figshare,757,1000,PMC11971486_F1_0f42d2c4.jpg,unknown,,
poultry_microscopy\all_images\PMC11971486_F2_c12be088.jpg,unknown,unknown,figshare,735,575,PMC11971486_F2_c12be088.jpg,unknown,,
poultry_microscopy\all_images\PMC11971486_F4_8ff43deb.jpg,unknown,unknown,figshare,735,961,PMC11971486_F4_8ff43deb.jpg,unknown,,
poultry_microscopy\all_images\PMC11980200_F0001_0f201704.jpg,unknown,unknown,figshare,750,641,PMC11980200_F0001_0f201704.jpg,unknown,,
poultry_microscopy\all_images\PMC11986440_FIG2_3539be77.jpg,unknown,unknown,figshare,733,639,PMC11986440_FIG2_3539be77.jpg,unknown,,
poultry_microscopy\all_images\PMC11986440_FIG4_c2108b15.jpg,unknown,unknown,figshare,756,518,PMC11986440_FIG4_c2108b15.jpg,unknown,,
poultry_microscopy\all_images\PMC11986440_FIG8_a6ce11dd.jpg,unknown,unknown,figshare,711,629,PMC11986440_FIG8_a6ce11dd.jpg,unknown,,
poultry_microscopy\all_images\PMC11987307_Fig1_0767be09.jpg,unknown,unknown,figshare,744,910,PMC11987307_Fig1_0767be09.jpg,unknown,,
poultry_microscopy\all_images\PMC11987307_Fig2_dd251ff6.jpg,unknown,unknown,figshare,744,1059,PMC11987307_Fig2_dd251ff6.jpg,unknown,,
poultry_microscopy\all_images\PMC11987656_fig0004_b280abbe.jpg,unknown,unknown,figshare,750,748,PMC11987656_fig0004_b280abbe.jpg,unknown,,
poultry_microscopy\all_images\PMC11995505_Fig2_96303e6b.jpg,unknown,unknown,figshare,669,661,PMC11995505_Fig2_96303e6b.jpg,unknown,,
poultry_microscopy\all_images\PMC11995505_Fig3_dac68776.jpg,unknown,unknown,figshare,669,672,PMC11995505_Fig3_dac68776.jpg,unknown,,
poultry_microscopy\all_images\PMC11995505_Fig5_37c1bb42.jpg,unknown,unknown,figshare,669,682,PMC11995505_Fig5_37c1bb42.jpg,unknown,,
poultry_microscopy\all_images\PMC12002762_fig0001_c85e3779.jpg,unknown,unknown,figshare,777,656,PMC12002762_fig0001_c85e3779.jpg,unknown,,
poultry_microscopy\all_images\PMC12016797_fig1_19b15e12.jpg,unknown,unknown,figshare,643,1111,PMC12016797_fig1_19b15e12.jpg,unknown,,
poultry_microscopy\all_images\PMC12017716_fig2_0702d0a6.jpg,unknown,unknown,figshare,645,524,PMC12017716_fig2_0702d0a6.jpg,unknown,,
poultry_microscopy\all_images\PMC12017716_fig4_e7f1b4f9.jpg,unknown,unknown,figshare,645,556,PMC12017716_fig4_e7f1b4f9.jpg,unknown,,
poultry_microscopy\all_images\PMC12017716_fig6_01875c52.jpg,unknown,unknown,figshare,636,527,PMC12017716_fig6_01875c52.jpg,unknown,,
poultry_microscopy\all_images\PMC12017716_fig7_ef2c19d4.jpg,unknown,unknown,figshare,636,534,PMC12017716_fig7_ef2c19d4.jpg,unknown,,
poultry_microscopy\all_images\PMC12031470_viruses-17-00519-f003_4da213f9.jpg,unknown,unknown,figshare,640,638,PMC12031470_viruses-17-00519-f003_4da213f9.jpg,unknown,,
poultry_microscopy\all_images\PMC12031470_viruses-17-00519-f004_5e5b5cc4.jpg,unknown,unknown,figshare,795,563,PMC12031470_viruses-17-00519-f004_5e5b5cc4.jpg,unknown,,
poultry_microscopy\all_images\PMC12031470_viruses-17-00519-f005_1b218c31.jpg,unknown,unknown,figshare,613,611,PMC12031470_viruses-17-00519-f005_1b218c31.jpg,unknown,,
poultry_microscopy\all_images\PMC12070898_animals-15-01281-f003_f06d50a3.jpg,unknown,unknown,figshare,755,986,PMC12070898_animals-15-01281-f003_f06d50a3.jpg,unknown,,
poultry_microscopy\all_images\PMC12088461_idoj.idoj_1039_24-f002_7ba1dc04.jpg,unknown,unknown,figshare,539,779,PMC12088461_idoj.idoj_1039_24-f002_7ba1dc04.jpg,unknown,,
poultry_microscopy\all_images\PMC12088461_idoj.idoj_1039_24-f004_dad4a38a.jpg,unknown,unknown,figshare,539,650,PMC12088461_idoj.idoj_1039_24-f004_dad4a38a.jpg,unknown,,
poultry_microscopy\all_images\PMC12090714_F6_d23764c7.jpg,unknown,unknown,figshare,735,783,PMC12090714_F6_d23764c7.jpg,unknown,,
poultry_microscopy\all_images\PMC12090751_F4_7a9c9aba.jpg,unknown,unknown,figshare,743,803,PMC12090751_F4_7a9c9aba.jpg,unknown,,
poultry_microscopy\all_images\PMC12090751_F5_a809823c.jpg,unknown,unknown,figshare,796,644,PMC12090751_F5_a809823c.jpg,unknown,,
poultry_microscopy\all_images\PMC12102188_Fig1_5879e89c.jpg,unknown,unknown,figshare,800,1010,PMC12102188_Fig1_5879e89c.jpg,unknown,,
poultry_microscopy\all_images\PMC12102188_Fig2_4856a42f.jpg,unknown,unknown,figshare,800,889,PMC12102188_Fig2_4856a42f.jpg,unknown,,
poultry_microscopy\all_images\PMC12102188_Fig4_876c92c9.jpg,unknown,unknown,figshare,756,999,PMC12102188_Fig4_876c92c9.jpg,unknown,,
poultry_microscopy\all_images\PMC12137113_Fig1_58c9b69f.jpg,unknown,unknown,figshare,728,541,PMC12137113_Fig1_58c9b69f.jpg,unknown,,
poultry_microscopy\all_images\PMC12137113_Fig3_24e3116d.jpg,unknown,unknown,figshare,783,1023,PMC12137113_Fig3_24e3116d.jpg,unknown,,
poultry_microscopy\all_images\PMC12137113_Fig4_d6275384.jpg,unknown,unknown,figshare,688,933,PMC12137113_Fig4_d6275384.jpg,unknown,,
poultry_microscopy\all_images\PMC12137113_Fig5_8302c6c6.jpg,unknown,unknown,figshare,787,932,PMC12137113_Fig5_8302c6c6.jpg,unknown,,
poultry_microscopy\all_images\PMC12137113_Fig7_cf19a238.jpg,unknown,unknown,figshare,704,524,PMC12137113_Fig7_cf19a238.jpg,unknown,,
poultry_microscopy\all_images\PMC12138426_fig0003_88c359a0.jpg,unknown,unknown,figshare,729,592,PMC12138426_fig0003_88c359a0.jpg,unknown,,
poultry_microscopy\all_images\PMC12138426_fig0010_d7ee8dfb.jpg,unknown,unknown,figshare,777,765,PMC12138426_fig0010_d7ee8dfb.jpg,unknown,,
poultry_microscopy\all_images\PMC12144252_Fig3_fe7bc636.jpg,unknown,unknown,figshare,750,918,PMC12144252_Fig3_fe7bc636.jpg,unknown,,
poultry_microscopy\all_images\PMC12144252_Fig7_0469396f.jpg,unknown,unknown,figshare,737,1250,PMC12144252_Fig7_0469396f.jpg,unknown,,
poultry_microscopy\all_images\PMC12146021_F1_6c3e53f1.jpg,unknown,unknown,figshare,774,597,PMC12146021_F1_6c3e53f1.jpg,unknown,,
poultry_microscopy\all_images\PMC12146021_F2_ac58d679.jpg,unknown,unknown,figshare,774,513,PMC12146021_F2_ac58d679.jpg,unknown,,
poultry_microscopy\all_images\PMC12146021_F3_beb56b4e.jpg,unknown,unknown,figshare,753,753,PMC12146021_F3_beb56b4e.jpg,unknown,,
poultry_microscopy\all_images\PMC12169742_fig0002_40f64bd0.jpg,unknown,unknown,figshare,777,872,PMC12169742_fig0002_40f64bd0.jpg,unknown,,
poultry_microscopy\all_images\PMC12169742_fig0009_f261d17e.jpg,unknown,unknown,figshare,777,520,PMC12169742_fig0009_f261d17e.jpg,unknown,,
poultry_microscopy\all_images\PMC12172082_F0001_03a7e9b4.jpg,unknown,unknown,figshare,750,553,PMC12172082_F0001_03a7e9b4.jpg,unknown,,
poultry_microscopy\all_images\PMC12172082_F0003_5fa6e83e.jpg,unknown,unknown,figshare,750,1026,PMC12172082_F0003_5fa6e83e.jpg,unknown,,
poultry_microscopy\all_images\PMC12173210_FIG1_247b2ddd.jpg,unknown,unknown,figshare,750,596,PMC12173210_FIG1_247b2ddd.jpg,unknown,,
poultry_microscopy\all_images\PMC12173210_FIG2_f9058345.jpg,unknown,unknown,figshare,750,544,PMC12173210_FIG2_f9058345.jpg,unknown,,
poultry_microscopy\all_images\PMC12188715_F6_a81d0ae2.jpg,unknown,unknown,figshare,687,527,PMC12188715_F6_a81d0ae2.jpg,unknown,,
poultry_microscopy\all_images\PMC12188715_F7_72c49450.jpg,unknown,unknown,figshare,688,515,PMC12188715_F7_72c49450.jpg,unknown,,
poultry_microscopy\all_images\PMC12188715_F8_06bd53b8.jpg,unknown,unknown,figshare,735,540,PMC12188715_F8_06bd53b8.jpg,unknown,,
poultry_microscopy\all_images\PMC12188715_F9_20da75de.jpg,unknown,unknown,figshare,706,518,PMC12188715_F9_20da75de.jpg,unknown,,
poultry_microscopy\all_images\PMC12213281_fig0004_38745df5.jpg,unknown,unknown,figshare,777,628,PMC12213281_fig0004_38745df5.jpg,unknown,,
poultry_microscopy\all_images\PMC12224477_Fig2_27a4ed34.jpg,unknown,unknown,figshare,708,591,PMC12224477_Fig2_27a4ed34.jpg,unknown,,
poultry_microscopy\all_images\PMC12239568_F2_dce148ea.jpg,unknown,unknown,figshare,796,1305,PMC12239568_F2_dce148ea.jpg,unknown,,
poultry_microscopy\all_images\PMC12239568_F3_cca747b2.jpg,unknown,unknown,figshare,669,512,PMC12239568_F3_cca747b2.jpg,unknown,,
poultry_microscopy\all_images\PMC12239568_F4_5bee3c02.jpg,unknown,unknown,figshare,717,716,PMC12239568_F4_5bee3c02.jpg,unknown,,
poultry_microscopy\all_images\PMC12255740_Fig10_c097cf0a.jpg,unknown,unknown,figshare,711,989,PMC12255740_Fig10_c097cf0a.jpg,unknown,,
poultry_microscopy\all_images\PMC12255740_Fig11_90a7219b.jpg,unknown,unknown,figshare,723,772,PMC12255740_Fig11_90a7219b.jpg,unknown,,
poultry_microscopy\all_images\PMC12255740_Fig1_ab9abdb3.jpg,unknown,unknown,figshare,735,996,PMC12255740_Fig1_ab9abdb3.jpg,unknown,,
poultry_microscopy\all_images\PMC12255740_Fig5_4d7510fc.jpg,unknown,unknown,figshare,725,1010,PMC12255740_Fig5_4d7510fc.jpg,unknown,,
poultry_microscopy\all_images\PMC12255740_Fig6_d8dc7c34.jpg,unknown,unknown,figshare,723,838,PMC12255740_Fig6_d8dc7c34.jpg,unknown,,
poultry_microscopy\all_images\PMC12255740_Fig7_7c4a0ddd.jpg,unknown,unknown,figshare,701,998,PMC12255740_Fig7_7c4a0ddd.jpg,unknown,,
poultry_microscopy\all_images\PMC12269577_fig0001_79372cc8.jpg,unknown,unknown,figshare,740,576,PMC12269577_fig0001_79372cc8.jpg,unknown,,
poultry_microscopy\all_images\PMC12282172_F5_2e2db4d7.jpg,unknown,unknown,figshare,745,679,PMC12282172_F5_2e2db4d7.jpg,unknown,,
poultry_microscopy\all_images\PMC12282323_F4_53d61dff.jpg,unknown,unknown,figshare,735,909,PMC12282323_F4_53d61dff.jpg,unknown,,
poultry_microscopy\all_images\PMC12286695_fig1_8fdbcb44.jpg,unknown,unknown,figshare,789,646,PMC12286695_fig1_8fdbcb44.jpg,unknown,,
poultry_microscopy\all_images\PMC12286695_fig2_68466354.jpg,unknown,unknown,figshare,789,646,PMC12286695_fig2_68466354.jpg,unknown,,
poultry_microscopy\all_images\PMC12291917_animals-15-02057-f002_df5dd1e1.jpg,unknown,unknown,figshare,702,1199,PMC12291917_animals-15-02057-f002_df5dd1e1.jpg,unknown,,
poultry_microscopy\all_images\PMC12291917_animals-15-02057-f003_a82f128e.jpg,unknown,unknown,figshare,725,620,PMC12291917_animals-15-02057-f003_a82f128e.jpg,unknown,,
poultry_microscopy\all_images\PMC12326629_Fig11_c9084ae6.jpg,unknown,unknown,figshare,787,677,PMC12326629_Fig11_c9084ae6.jpg,unknown,,
poultry_microscopy\all_images\PMC12326652_Fig6_6e8c32c5.jpg,unknown,unknown,figshare,764,1181,PMC12326652_Fig6_6e8c32c5.jpg,unknown,,
poultry_microscopy\all_images\PMC12327064_vms370504-fig-0009_e0665823.jpg,unknown,unknown,figshare,600,638,PMC12327064_vms370504-fig-0009_e0665823.jpg,unknown,,
poultry_microscopy\all_images\PMC12333254_Fig3_da081970.jpg,unknown,unknown,figshare,778,784,PMC12333254_Fig3_da081970.jpg,unknown,,
poultry_microscopy\all_images\PMC12333254_Fig4_0bd06807.jpg,unknown,unknown,figshare,778,866,PMC12333254_Fig4_0bd06807.jpg,unknown,,
poultry_microscopy\all_images\PMC12333254_Fig5_dd437f2e.jpg,unknown,unknown,figshare,778,975,PMC12333254_Fig5_dd437f2e.jpg,unknown,,
poultry_microscopy\all_images\PMC12345485_animals-15-02187-f002_8f5ce37d.jpg,unknown,unknown,figshare,717,771,PMC12345485_animals-15-02187-f002_8f5ce37d.jpg,unknown,,
poultry_microscopy\all_images\PMC12362686_fig0004_daae7b51.jpg,unknown,unknown,figshare,750,689,PMC12362686_fig0004_daae7b51.jpg,unknown,,
poultry_microscopy\all_images\PMC12362686_fig0005_cb40f6c0.jpg,unknown,unknown,figshare,768,626,PMC12362686_fig0005_cb40f6c0.jpg,unknown,,
poultry_microscopy\all_images\PMC12363208_F1_4b9bcf8e.jpg,unknown,unknown,figshare,692,896,PMC12363208_F1_4b9bcf8e.jpg,unknown,,
poultry_microscopy\all_images\PMC12363208_F4_aca03b26.jpg,unknown,unknown,figshare,769,645,PMC12363208_F4_aca03b26.jpg,unknown,,
poultry_microscopy\all_images\PMC12363208_F5_243ae514.jpg,unknown,unknown,figshare,713,837,PMC12363208_F5_243ae514.jpg,unknown,,
poultry_microscopy\all_images\PMC12372494_F0001_7f9d3140.jpg,unknown,unknown,figshare,750,665,PMC12372494_F0001_7f9d3140.jpg,unknown,,
poultry_microscopy\all_images\PMC12372494_F0003_d2f177d7.jpg,unknown,unknown,figshare,750,1184,PMC12372494_F0003_d2f177d7.jpg,unknown,,
poultry_microscopy\all_images\PMC12372494_F0004_4acc3fed.jpg,unknown,unknown,figshare,750,1264,PMC12372494_F0004_4acc3fed.jpg,unknown,,
poultry_microscopy\all_images\PMC12372494_F0005_3ac147e3.jpg,unknown,unknown,figshare,750,672,PMC12372494_F0005_3ac147e3.jpg,unknown,,
poultry_microscopy\all_images\PMC12372494_F0007_0460fa3d.jpg,unknown,unknown,figshare,750,772,PMC12372494_F0007_0460fa3d.jpg,unknown,,
poultry_microscopy\all_images\PMC12373873_Fig3_0685dee3.jpg,unknown,unknown,figshare,788,765,PMC12373873_Fig3_0685dee3.jpg,unknown,,
poultry_microscopy\all_images\PMC12373873_Fig5_0695a228.jpg,unknown,unknown,figshare,797,815,PMC12373873_Fig5_0695a228.jpg,unknown,,
poultry_microscopy\all_images\PMC12373873_Fig6_e35bd648.jpg,unknown,unknown,figshare,797,668,PMC12373873_Fig6_e35bd648.jpg,unknown,,
poultry_microscopy\all_images\PMC12381878_fig6_222d1b08.jpg,unknown,unknown,figshare,714,966,PMC12381878_fig6_222d1b08.jpg,unknown,,
poultry_microscopy\all_images\PMC12382773_animals-15-02327-f002_a513d532.jpg,unknown,unknown,figshare,798,657,PMC12382773_animals-15-02327-f002_a513d532.jpg,unknown,,
poultry_microscopy\all_images\PMC12383250_F5_7c05290a.jpg,unknown,unknown,figshare,730,1015,PMC12383250_F5_7c05290a.jpg,unknown,,
poultry_microscopy\all_images\PMC12383250_F7_02d3bea6.jpg,unknown,unknown,figshare,764,955,PMC12383250_F7_02d3bea6.jpg,unknown,,
poultry_microscopy\all_images\PMC12385707_foods-14-02781-f008_54035c6b.jpg,unknown,unknown,figshare,729,640,PMC12385707_foods-14-02781-f008_54035c6b.jpg,unknown,,
poultry_microscopy\all_images\PMC12388314_microorganisms-13-01738-f007_233405ae.jpg,unknown,unknown,figshare,779,556,PMC12388314_microorganisms-13-01738-f007_233405ae.jpg,unknown,,
poultry_microscopy\all_images\PMC12388314_microorganisms-13-01738-f008_0471400d.jpg,unknown,unknown,figshare,686,681,PMC12388314_microorganisms-13-01738-f008_0471400d.jpg,unknown,,
poultry_microscopy\all_images\PMC12389831_vetsci-12-00689-f002_f8b87824.jpg,unknown,unknown,figshare,752,566,PMC12389831_vetsci-12-00689-f002_f8b87824.jpg,unknown,,
poultry_microscopy\all_images\PMC12389831_vetsci-12-00689-f003_e9e90134.jpg,unknown,unknown,figshare,749,565,PMC12389831_vetsci-12-00689-f003_e9e90134.jpg,unknown,,
poultry_microscopy\all_images\PMC12389831_vetsci-12-00689-f004_bc343a4d.jpg,unknown,unknown,figshare,786,592,PMC12389831_vetsci-12-00689-f004_bc343a4d.jpg,unknown,,
poultry_microscopy\all_images\PMC12390582_vetsci-12-00726-f001_ec57ea1e.jpg,unknown,unknown,figshare,690,1036,PMC12390582_vetsci-12-00726-f001_ec57ea1e.jpg,unknown,,
poultry_microscopy\all_images\PMC12390582_vetsci-12-00726-f004_fc40a5b9.jpg,unknown,unknown,figshare,763,1156,PMC12390582_vetsci-12-00726-f004_fc40a5b9.jpg,unknown,,
poultry_microscopy\all_images\PMC12390651_viruses-17-01037-f003_14b24f6c.jpg,unknown,unknown,figshare,716,971,PMC12390651_viruses-17-01037-f003_14b24f6c.jpg,unknown,,
poultry_microscopy\all_images\PMC12396427_fig0004_3fa988bd.jpg,unknown,unknown,figshare,723,1070,PMC12396427_fig0004_3fa988bd.jpg,unknown,,
poultry_microscopy\all_images\PMC12396427_fig0005_100ea40e.jpg,unknown,unknown,figshare,714,1161,PMC12396427_fig0005_100ea40e.jpg,unknown,,
poultry_microscopy\all_images\PMC12398015_Fig3_ce3d099d.jpg,unknown,unknown,figshare,797,987,PMC12398015_Fig3_ce3d099d.jpg,unknown,,
poultry_microscopy\all_images\PMC12398015_Fig4_efd45745.jpg,unknown,unknown,figshare,797,983,PMC12398015_Fig4_efd45745.jpg,unknown,,
poultry_microscopy\all_images\PMC12398015_Fig5_4f013fbd.jpg,unknown,unknown,figshare,797,1208,PMC12398015_Fig5_4f013fbd.jpg,unknown,,
poultry_microscopy\all_images\PMC12398015_Fig6_e9e64854.jpg,unknown,unknown,figshare,797,937,PMC12398015_Fig6_e9e64854.jpg,unknown,,
poultry_microscopy\all_images\PMC12398015_Fig7_145d2308.jpg,unknown,unknown,figshare,629,1241,PMC12398015_Fig7_145d2308.jpg,unknown,,
poultry_microscopy\all_images\PMC12398015_Fig8_303e4163.jpg,unknown,unknown,figshare,708,1216,PMC12398015_Fig8_303e4163.jpg,unknown,,
poultry_microscopy\all_images\PMC12400679_fig2_d565d77e.jpg,unknown,unknown,figshare,767,612,PMC12400679_fig2_d565d77e.jpg,unknown,,
poultry_microscopy\all_images\PMC12400679_fig5_85646b1f.jpg,unknown,unknown,figshare,767,574,PMC12400679_fig5_85646b1f.jpg,unknown,,
poultry_microscopy\all_images\PMC12400679_fig6_e85d6962.jpg,unknown,unknown,figshare,767,572,PMC12400679_fig6_e85d6962.jpg,unknown,,
poultry_microscopy\all_images\PMC12400679_fig7_dc6af674.jpg,unknown,unknown,figshare,767,851,PMC12400679_fig7_dc6af674.jpg,unknown,,
poultry_microscopy\all_images\PMC12403985_F1_f3a6aa76.jpg,unknown,unknown,figshare,729,1204,PMC12403985_F1_f3a6aa76.jpg,unknown,,
poultry_microscopy\all_images\PMC12403985_F2_1844dc29.jpg,unknown,unknown,figshare,798,591,PMC12403985_F2_1844dc29.jpg,unknown,,
poultry_microscopy\all_images\PMC12405288_fig1_825a62aa.jpg,unknown,unknown,figshare,767,959,PMC12405288_fig1_825a62aa.jpg,unknown,,
poultry_microscopy\all_images\PMC12410888_ppat.1013458.g001_9a892416.jpg,unknown,unknown,figshare,694,745,PMC12410888_ppat.1013458.g001_9a892416.jpg,unknown,,
poultry_microscopy\all_images\PMC12410888_ppat.1013458.g002_98c1785c.jpg,unknown,unknown,figshare,759,626,PMC12410888_ppat.1013458.g002_98c1785c.jpg,unknown,,
poultry_microscopy\all_images\PMC12410888_ppat.1013458.g004_59f3037d.jpg,unknown,unknown,figshare,700,782,PMC12410888_ppat.1013458.g004_59f3037d.jpg,unknown,,
poultry_microscopy\all_images\PMC12433649_f0001_37c79b0a.jpg,unknown,unknown,figshare,750,937,PMC12433649_f0001_37c79b0a.jpg,unknown,,
poultry_microscopy\all_images\PMC12433649_f0003_16d40fcc.jpg,unknown,unknown,figshare,798,1352,PMC12433649_f0003_16d40fcc.jpg,unknown,,
poultry_microscopy\all_images\PMC12433649_f0005_c883e0fc.jpg,unknown,unknown,figshare,791,1144,PMC12433649_f0005_c883e0fc.jpg,unknown,,
poultry_microscopy\all_images\PMC12433649_f0006_e9cbae6f.jpg,unknown,unknown,figshare,795,1144,PMC12433649_f0006_e9cbae6f.jpg,unknown,,
poultry_microscopy\all_images\PMC12434004_f2_9197a5bc.jpg,unknown,unknown,figshare,706,1418,PMC12434004_f2_9197a5bc.jpg,unknown,,
poultry_microscopy\all_images\PMC12434004_f4_b9a769c7.jpg,unknown,unknown,figshare,690,1042,PMC12434004_f4_b9a769c7.jpg,unknown,,
poultry_microscopy\all_images\PMC12434004_f6_cafcba59.jpg,unknown,unknown,figshare,687,651,PMC12434004_f6_cafcba59.jpg,unknown,,
poultry_microscopy\all_images\PMC12444787_F4_e8fb5bb3.jpg,unknown,unknown,figshare,735,872,PMC12444787_F4_e8fb5bb3.jpg,unknown,,
poultry_microscopy\all_images\PMC12456136_F4_52f46b94.jpg,unknown,unknown,figshare,709,906,PMC12456136_F4_52f46b94.jpg,unknown,,
poultry_microscopy\all_images\PMC12456792_pone.0332213.g001_b38aaaa3.jpg,unknown,unknown,figshare,750,582,PMC12456792_pone.0332213.g001_b38aaaa3.jpg,unknown,,
poultry_microscopy\all_images\PMC12456792_pone.0332213.g003_52ae199c.jpg,unknown,unknown,figshare,792,823,PMC12456792_pone.0332213.g003_52ae199c.jpg,unknown,,
poultry_microscopy\all_images\PMC12472222_pathogens-14-00865-f002_26e3475d.jpg,unknown,unknown,figshare,671,838,PMC12472222_pathogens-14-00865-f002_26e3475d.jpg,unknown,,
poultry_microscopy\all_images\PMC12472222_pathogens-14-00865-f003_c756d249.jpg,unknown,unknown,figshare,675,1003,PMC12472222_pathogens-14-00865-f003_c756d249.jpg,unknown,,
poultry_microscopy\all_images\PMC12474141_vetsci-12-00849-f001_78a49244.jpg,unknown,unknown,figshare,766,934,PMC12474141_vetsci-12-00849-f001_78a49244.jpg,unknown,,
poultry_microscopy\all_images\PMC12474141_vetsci-12-00849-f003_f98cdeae.jpg,unknown,unknown,figshare,740,557,PMC12474141_vetsci-12-00849-f003_f98cdeae.jpg,unknown,,
poultry_microscopy\all_images\PMC12474141_vetsci-12-00849-f005_f60bcb72.jpg,unknown,unknown,figshare,730,822,PMC12474141_vetsci-12-00849-f005_f60bcb72.jpg,unknown,,
poultry_microscopy\all_images\PMC12474430_vaccines-13-00946-f007_a92bcd58.jpg,unknown,unknown,figshare,734,528,PMC12474430_vaccines-13-00946-f007_a92bcd58.jpg,unknown,,
poultry_microscopy\all_images\PMC12474430_vaccines-13-00946-f008_35039df4.jpg,unknown,unknown,figshare,720,1688,PMC12474430_vaccines-13-00946-f008_35039df4.jpg,unknown,,
poultry_microscopy\all_images\PMC12476818_F1_90ae0c84.jpg,unknown,unknown,figshare,676,658,PMC12476818_F1_90ae0c84.jpg,unknown,,
poultry_microscopy\all_images\PMC12495160_fig0002_1c08ad2d.jpg,unknown,unknown,figshare,748,605,PMC12495160_fig0002_1c08ad2d.jpg,unknown,,
poultry_microscopy\all_images\PMC12497699_f3_225640ee.jpg,unknown,unknown,figshare,759,839,PMC12497699_f3_225640ee.jpg,unknown,,
poultry_microscopy\all_images\PMC12501596_F2_08d66881.jpg,unknown,unknown,figshare,564,660,PMC12501596_F2_08d66881.jpg,unknown,,
poultry_microscopy\all_images\PMC12501596_F4_12cdcb5e.jpg,unknown,unknown,figshare,768,879,PMC12501596_F4_12cdcb5e.jpg,unknown,,
poultry_microscopy\all_images\PMC12501596_F5_8fef5f23.jpg,unknown,unknown,figshare,564,726,PMC12501596_F5_8fef5f23.jpg,unknown,,
poultry_microscopy\all_images\PMC9321215_vetsci-09-00347-f003_cc21c2f9.jpg,unknown,unknown,figshare,749,547,PMC9321215_vetsci-09-00347-f003_cc21c2f9.jpg,unknown,,
poultry_microscopy\all_images\PMC9321215_vetsci-09-00347-f004_25f5b3ff.jpg,unknown,unknown,figshare,750,549,PMC9321215_vetsci-09-00347-f004_25f5b3ff.jpg,unknown,,
poultry_microscopy\all_images\PMC9321215_vetsci-09-00347-f005_760d2ad2.jpg,unknown,unknown,figshare,756,547,PMC9321215_vetsci-09-00347-f005_760d2ad2.jpg,unknown,,
poultry_microscopy\all_images\case 13(tfnd).jpg,unknown,unknown,figshare,2048,1466,case 13(tfnd).jpg,unknown,,
poultry_microscopy\all_images\case 19(tfnd).jpg,unknown,unknown,figshare,2048,1466,case 19(tfnd).jpg,unknown,,
poultry_microscopy\all_images\case 23(tfnd).jpg,unknown,unknown,figshare,2048,1466,case 23(tfnd).jpg,unknown,,
poultry_microscopy\all_images\case 7(tfnd).jpg,unknown,unknown,figshare,2048,1466,case 7(tfnd).jpg,unknown,,
poultry_microscopy\all_images\case 9(tfnd).jpg,unknown,unknown,figshare,2048,1466,case 9(tfnd).jpg,unknown,,
poultry_microscopy\all_images\cavp_a_2570722_sm4820.jpg,unknown,unknown,figshare,2048,1377,cavp_a_2570722_sm4820.jpg,unknown,,
